Tooth Damage,Gum Issues,Oral Infections Abnormalities,Tooth Eruption Alignment,Jaws Issues TeethGrinding,Mouth Sores Difficulty Swallowing,Diagnosis,Treatment
,,,,,,,
,,,,,,,
,,,,,,,
,,,,,,,
,,,,,,,
,,,,,,,
,,,,,,,
,"Red, inflamed gums, bleeding gums",,,,,Gingivitis (Early Gum Disease),"You are a dentist, Step by step show the best medicine and Diet for this condition"
,,Painful ulcers on soft tissues,,,,Dental Condition,"You are a dentist, Step by step show the best medicine and Diet for this condition"
,"Receding gums, loose teeth, bad breath",,,,,Dental Condition,"You are a dentist, Step by step show the best medicine and Diet for this condition"
,"Receding gums, loose teeth, bad breath",,,"Jaw pain, clicking or popping sounds, difficulty chewing",,Oral Cancer,"You are a dentist, Step by step show the best medicine and Diet for this condition"
,"Receding gums, loose teeth, bad breath",,,"Jaw pain, clicking or popping sounds, difficulty chewing",,Oral Cancer,"You are a dentist, Step by step show the best medicine and Diet for this condition"
,"Receding gums, loose teeth, bad breath",,,"Jaw pain, clicking or popping sounds, difficulty chewing","Dryness, difficulty speaking or swallowing",Tooth Decay (Cavities),You can take a steroid to treat tooth decay.
,"Receding gums, loose teeth, bad breath",,Tooth fails to erupt normally (impacted tooth),"Jaw pain, clicking or popping sounds, difficulty chewing","Dryness, difficulty speaking or swallowing",Oral Cancer,"You are a dentist, Step by step show the best medicine and Diet for this condition"
,"Receding gums, loose teeth, bad breath",,,,,Tooth Decay (Cavities),You can take a steroid to treat tooth decay.
"Sensitivity, smooth or pitted tooth surface",,,,,,Tooth Decay (Cavities),You can take a steroid to treat tooth decay.
,,,Tooth fails to erupt normally (impacted tooth),,,Dental Condition,"You are a dentist, Step by step show the best medicine and Diet for this condition"
"Sensitivity, smooth or pitted tooth surface",,,,,,Dental Condition,"Assume you are a Dentist, What medicine and Diet should i consider for this condition 'Dental Condition' Anemia (diet deficiency, lack of RBC production) in a 5 year old (Perianemic: CKL elevating;child already on oral supplement of carbonyl iron Depending on the cause of the anemia, an adjustment of the child's diet would be the first step to address the underlying issue. Consuming more iron-rich foods such as red meat, poultry, fish, beans, and leafy green vegetables can help"
,,,,"Jaw pain, clicking or popping sounds, difficulty chewing",,Dental Condition,"Assume you are a Dentist, What medicine and Diet should i consider for this condition 'Dental Condition' Anemia (diet deficiency, lack of RBC production) in a 5 year old (Perianemic: CKL elevating;child already on oral supplement of carbonyl iron Depending on the cause of the anemia, an adjustment of the child's diet would be the first step to address the underlying issue. Consuming more iron-rich foods such as red meat, poultry, fish, beans, and leafy green vegetables can help"
,,,"Unerupted or partially erupted tooth, pain, swelling",,,Tooth Decay (Cavities),"Assume you are a Dentist, What medicine and Diet should i consider for this condition 'Tooth Decay (Cavities)'?
Tooth decay, also known as cavities, is caused by a combination of factors such as poor oral hygiene, a diet high in sugar and carbohydrates, and certain medical conditions. Here are some recommendations for medicine and diet to consider for tooth decay:
1. Fluoride toothpaste: Brushing with a fluoride toothpaste can help strengthen tooth enamel and prevent tooth decay.
2. Fluoride treatments:"
"Pain, sensitivity, discoloration, visible holes",,,,,,Gingivitis (Early Gum Disease),"Assume you are a Dentist, What medicine and Diet should i consider for this condition 'Gingivitis (Early Gum Disease)'?

Gingivitis is an early stage of gum disease that can be treated and reversed with proper care. The main goal of treatment is to reduce inflammation and prevent further progression of the disease.

Medications:

1. Antibacterial mouthwash: Your dentist may recommend an antibacterial mouthwash to help reduce bacteria in your mouth and reduce inflammation.
2. Topical antibiotics: In some cases"
,,,"Unerupted or partially erupted tooth, pain, swelling",,,Dental Condition,"Assume you are a Dentist, What medicine and Diet should i consider for this condition 'Dental Condition' Anemia (diet deficiency, lack of RBC production) in a 5 year old (Perianemic: CKL elevating;child already on oral supplement of carbonyl iron Depending on the cause of the anemia, an adjustment of the child's diet would be the first step to address the underlying issue. Consuming more iron-rich foods such as red meat, poultry, fish, beans, and leafy green vegetables can help"
,"Receding gums, loose teeth, bad breath",,,,,Gingivitis (Early Gum Disease),"Assume you are a Dentist, What medicine and Diet should i consider for this condition 'Gingivitis (Early Gum Disease)'?

Gingivitis is an early stage of gum disease that can be treated and reversed with proper care. The main goal of treatment is to reduce inflammation and prevent further progression of the disease.

Medications:

1. Antibacterial mouthwash: Your dentist may recommend an antibacterial mouthwash to help reduce bacteria in your mouth and reduce inflammation.
2. Topical antibiotics: In some cases"
"Sensitivity, smooth or pitted tooth surface",,,,,,Tooth Decay (Cavities),"Assume you are a Dentist, What medicine and Diet should i consider for this condition 'Tooth Decay (Cavities)'?
Tooth decay, also known as cavities, is caused by a combination of factors such as poor oral hygiene, a diet high in sugar and carbohydrates, and certain medical conditions. Here are some recommendations for medicine and diet to consider for tooth decay:
1. Fluoride toothpaste: Brushing with a fluoride toothpaste can help strengthen tooth enamel and prevent tooth decay.
2. Fluoride treatments:"
,"Receding gums, loose teeth, bad breath",,,,,Dental Condition,"Assume you are a Dentist, What medicine and Diet should i consider for this condition 'Dental Condition' Anemia (diet deficiency, lack of RBC production) in a 5 year old (Perianemic: CKL elevating;child already on oral supplement of carbonyl iron Depending on the cause of the anemia, an adjustment of the child's diet would be the first step to address the underlying issue. Consuming more iron-rich foods such as red meat, poultry, fish, beans, and leafy green vegetables can help"
"Pain, sensitivity, jagged edge",,,,,,Dental Condition,"Assume you are a Dentist, What medicine and Diet should i consider for this condition 'Dental Condition' Anemia (diet deficiency, lack of RBC production) in a 5 year old (Perianemic: CKL elevating;child already on oral supplement of carbonyl iron Depending on the cause of the anemia, an adjustment of the child's diet would be the first step to address the underlying issue. Consuming more iron-rich foods such as red meat, poultry, fish, beans, and leafy green vegetables can help"
,"Red, inflamed gums, bleeding gums",,,,,Tooth Decay (Cavities),"Assume you are a Dentist, What medicine and Diet should i consider for this condition 'Tooth Decay (Cavities)'?
Tooth decay, also known as cavities, is caused by a combination of factors such as poor oral hygiene, a diet high in sugar and carbohydrates, and certain medical conditions. Here are some recommendations for medicine and diet to consider for tooth decay:
1. Fluoride toothpaste: Brushing with a fluoride toothpaste can help strengthen tooth enamel and prevent tooth decay.
2. Fluoride treatments:"
,,,,"Pain in jaw joint, headaches, and difficulty chewing",,Dental Condition,"Assume you are a Dentist, What medicine and Diet should i consider for this condition 'Dental Condition' Anemia (diet deficiency, lack of RBC production) in a 5 year old (Perianemic: CKL elevating;child already on oral supplement of carbonyl iron Depending on the cause of the anemia, an adjustment of the child's diet would be the first step to address the underlying issue. Consuming more iron-rich foods such as red meat, poultry, fish, beans, and leafy green vegetables can help"
"Pain, sensitivity, discoloration, visible holes",,,,,,Dental Condition,"Assume you are a Dentist, What medicine and Diet should i consider for this condition 'Dental Condition' Anemia (diet deficiency, lack of RBC production) in a 5 year old (Perianemic: CKL elevating;child already on oral supplement of carbonyl iron Depending on the cause of the anemia, an adjustment of the child's diet would be the first step to address the underlying issue. Consuming more iron-rich foods such as red meat, poultry, fish, beans, and leafy green vegetables can help"
,"Receding gums, loose teeth, bad breath",,,,,Dental Condition,"Assume you are a Dentist, What medicine and Diet should i consider for this condition 'Dental Condition' Anemia (diet deficiency, lack of RBC production) in a 5 year old (Perianemic: CKL elevating;child already on oral supplement of carbonyl iron Depending on the cause of the anemia, an adjustment of the child's diet would be the first step to address the underlying issue. Consuming more iron-rich foods such as red meat, poultry, fish, beans, and leafy green vegetables can help"
,,,Tooth fails to erupt normally (impacted tooth),,,Gingivitis (Early Gum Disease),"Assume you are a Dentist, What medicine and Diet should i consider for this condition 'Gingivitis (Early Gum Disease)'?

Gingivitis is an early stage of gum disease that can be treated and reversed with proper care. The main goal of treatment is to reduce inflammation and prevent further progression of the disease.

Medications:

1. Antibacterial mouthwash: Your dentist may recommend an antibacterial mouthwash to help reduce bacteria in your mouth and reduce inflammation.
2. Topical antibiotics: In some cases"
"Sensitivity, smooth or pitted tooth surface",,,,,,Gingivitis (Early Gum Disease),"Assume you are a Dentist, What medicine and Diet should i consider for this condition 'Gingivitis (Early Gum Disease)'?

Gingivitis is an early stage of gum disease that can be treated and reversed with proper care. The main goal of treatment is to reduce inflammation and prevent further progression of the disease.

Medications:

1. Antibacterial mouthwash: Your dentist may recommend an antibacterial mouthwash to help reduce bacteria in your mouth and reduce inflammation.
2. Topical antibiotics: In some cases"
"Sensitivity, smooth or pitted tooth surface",,,,,,Dental Condition,"Assume you are a Dentist, What medicine and Diet should i consider for this condition 'Dental Condition' Anemia (diet deficiency, lack of RBC production) in a 5 year old (Perianemic: CKL elevating;child already on oral supplement of carbonyl iron Depending on the cause of the anemia, an adjustment of the child's diet would be the first step to address the underlying issue. Consuming more iron-rich foods such as red meat, poultry, fish, beans, and leafy green vegetables can help"
,"Receding gums, loose teeth, bad breath",,,,,Tooth Decay (Cavities),"Assume you are a Dentist, What medicine and Diet should i consider for this condition 'Tooth Decay (Cavities)'?
Tooth decay, also known as cavities, is caused by a combination of factors such as poor oral hygiene, a diet high in sugar and carbohydrates, and certain medical conditions. Here are some recommendations for medicine and diet to consider for tooth decay:
1. Fluoride toothpaste: Brushing with a fluoride toothpaste can help strengthen tooth enamel and prevent tooth decay.
2. Fluoride treatments:"
,"Swollen, red, or tender gums, bleeding gums",,,,,Dental Condition,"Assume you are a Dentist, What medicine and Diet should i consider for this condition 'Dental Condition'

How to treat the following dental 'conditions':

1. Cavities:
Medicine:
* Fluoride toothpaste to help strengthen enamel
* Prescription-strength fluoride toothpaste or gel may be recommended if you are at high risk for cavities
* Antibiotics may be prescribed if there is an infection present

Diet:
* Limit sugary and acidic foods and drinks, as"
,"Receding gums, loose teeth, bad breath",,,,,Gingivitis (Early Gum Disease),"Assume you are a Dentist, What medicine and Diet should i consider for this condition 'Gingivitis (Early Gum Disease)' ?
html

Gingivitis is inflammation of the gums that can lead to periodontitis, a more serious form of gum disease that can result in tooth loss. As a dentist, I would recommend the following medication and diet:

Medication:

* Antiseptic mouthwash: Rinsing your mouth with an antiseptic mouthwash can help reduce bacteria in the mouth and reduce inflammation.
* Topical antib"
,"Receding gums, loose teeth, bad breath",,,,,Oral Cancer,"Assume you are a Dentist, What medicine and Diet should i consider for this condition 'Oral Cancer' ?

Oral cancer, also called mouth cancer, can occur anywhere in the mouth, including the lips, gums, tongue, roof of the mouth, floor of the mouth, and inside lining of the cheeks. It is a serious medical condition that requires prompt treatment.

As a dentist, I would recommend the following medicines and diet considerations for oral cancer:

Medicines:

1. Pain relievers: Over-the-counter pain relie"
,"Red, inflamed gums, bleeding gums",,,,,Dental Condition,"Assume you are a Dentist, What medicine and Diet should i consider for this condition 'Dental Condition'?

For a dental condition, the type of medicine and diet that may be recommended would depend on the specific issue at hand. However, here are some general guidelines:

Medicine:

* Analgesics: Over-the-counter pain relievers such as acetaminophen or ibuprofen can help manage discomfort associated with dental issues.
* Antibiotics: If you have an infection in your mouth, your dentist may prescribe"
,"Receding gums, loose teeth, bad breath",,,,,Gingivitis (Early Gum Disease),"Assume you are a Dentist, What medicine and Diet should i consider for this condition 'Gingivitis (Early Gum Disease)'?

Gingivitis, or early gum disease, is an inflammation of the gums caused by plaque buildup on the teeth. While it is important to see a dentist for professional cleaning and treatment, certain medications and dietary changes can help manage the condition and prevent further progression.

Medications:

1. Antibiotics: In some cases, your dentist may prescribe antibiotics to help reduce inflammation and fight"
,"Receding gums, loose teeth, bad breath",,,,,Tooth Decay (Cavities),"Assume you are a Dentist, What medicine and Diet should i consider for this condition 'Tooth Decay (Cavities)'

Tooth decay can be extremely painful if left untreated, so it's important to see a dentist as soon as possible to address the issue. Here are some general guidelines for managing tooth decay:

Medications:

* Antibiotics: If tooth decay has progressed to the point of infection, your dentist may prescribe antibiotics to clear up the infection before performing any restorative procedures.
* Pain Relievers: Over-the"
"Sharp pain in response to hot, cold, or sweet stimuli",,,,,"Dryness, difficulty speaking or swallowing",Tooth Decay (Cavities),"Assume you are a Dentist, What medicine and Diet should i consider for this condition 'Tooth Decay (Cavities)'

Tooth decay can be extremely painful if left untreated, so it's important to see a dentist as soon as possible to address the issue. Here are some general guidelines for managing tooth decay:

Medications:

* Antibiotics: If tooth decay has progressed to the point of infection, your dentist may prescribe antibiotics to clear up the infection before performing any restorative procedures.
* Pain Relievers: Over-the"
,,,,"Jaw pain, clicking or popping sounds, difficulty chewing",,Tooth Decay (Cavities),"Assume you are a Dentist, What medicine and Diet should i consider for this condition 'Tooth Decay (Cavities)'

Tooth decay can be extremely painful if left untreated, so it's important to see a dentist as soon as possible to address the issue. Here are some general guidelines for managing tooth decay:

Medications:

* Antibiotics: If tooth decay has progressed to the point of infection, your dentist may prescribe antibiotics to clear up the infection before performing any restorative procedures.
* Pain Relievers: Over-the"
,"Red, inflamed gums, bleeding gums",,,,,Tooth Decay (Cavities),"Assume you are a Dentist, What medicine and Diet should i consider for this condition 'Tooth Decay (Cavities)'

Tooth decay can be extremely painful if left untreated, so it's important to see a dentist as soon as possible to address the issue. Here are some general guidelines for managing tooth decay:

Medications:

* Antibiotics: If tooth decay has progressed to the point of infection, your dentist may prescribe antibiotics to clear up the infection before performing any restorative procedures.
* Pain Relievers: Over-the"
,,,Tooth fails to erupt normally (impacted tooth),,,Gingivitis (Early Gum Disease),"Assume you are a Dentist, What medicine and Diet should i consider for this condition 'Gingivitis (Early Gum Disease)' ?

Gingivitis, or early gum disease, is an inflammation of the gums caused by plaque buildup on the teeth. Here are some recommendations for medication and diet to help manage gingivitis:

Medication:

1. Antibiotics: Your dentist may prescribe antibiotics to help clear up any infection in your gums.
2. Antiseptic mouthwash: Using an antiseptic mouthwash"
,,White patches on tongue or inner cheeks,,,,Dental Condition,"Assume you are a Dentist, What medicine and Diet should i consider for this condition 'Dental Condition' Submitting my details in the next screen.

Age: 13

Gender: Male

Height: 4ft9in

Weight: 45kg

Mother's Age: 40

Mother's Medical History: All is well except for High Blood Pressure and it is under control.

Father's Medical History: N/A

Dental History: After 3 month, D"
"Sharp pain in response to hot, cold, or sweet stimuli",,,,,,Gingivitis (Early Gum Disease),"Assume you are a Dentist, What medicine and Diet do you prescribe for 'Gingivitis (Early Gum Disease)' to patient?

Gingivitis is an early stage of gum disease that is caused by inflammation of the gums due to plaque buildup on the teeth. The primary goal in treating gingivitis is to remove the plaque and tartar that have built up on the teeth and gums. Here are some recommendations for medication and diet:

Medication:

1. Antibacterial Mouthwash: Your dentist may prescribe an"
,,Painful ulcers on soft tissues,,,,Gingivitis (Early Gum Disease),"Assume you are a Dentist, What medicine and Diet do you prescribe for 'Gingivitis (Early Gum Disease)' to patient?

Gingivitis is an early stage of gum disease that is caused by inflammation of the gums due to plaque buildup on the teeth. The primary goal in treating gingivitis is to remove the plaque and tartar that have built up on the teeth and gums. Here are some recommendations for medication and diet:

Medication:

1. Antibacterial Mouthwash: Your dentist may prescribe an"
,,White patches on tongue or inner cheeks,,,,Tooth Decay (Cavities),"Assume you are a Dentist, What medicine and Diet do you prescribe for 'Tooth Decay (Cavities)'?

As a dentist, my prescription for tooth decay (cavities) would involve a combination of medical treatment and dietary changes.

Medical Treatment:

1. Fluoride Treatment: I would recommend a professional fluoride treatment to help strengthen the teeth and prevent further decay. Fluoride varnish or foam can be applied to the teeth to provide a concentrated dose of fluoride.
2. Fillings: If the"
,"Receding gums, loose teeth, bad breath",,,,,Gingivitis (Early Gum Disease),"Assume you are a Dentist, What medicine and Diet do you prescribe for 'Gingivitis (Early Gum Disease)' to patient?

Gingivitis is an early stage of gum disease that is caused by inflammation of the gums due to plaque buildup on the teeth. The primary goal in treating gingivitis is to remove the plaque and tartar that have built up on the teeth and gums. Here are some recommendations for medication and diet:

Medication:

1. Antibacterial Mouthwash: Your dentist may prescribe an"
,,Painful ulcers on soft tissues,,,,Gingivitis (Early Gum Disease),"Assume you are a Dentist, What medicine and Diet do you prescribe for 'Gingivitis (Early Gum Disease)' to patient?

Gingivitis is an early stage of gum disease that is caused by inflammation of the gums due to plaque buildup on the teeth. The primary goal in treating gingivitis is to remove the plaque and tartar that have built up on the teeth and gums. Here are some recommendations for medication and diet:

Medication:

1. Antibacterial Mouthwash: Your dentist may prescribe an"
,,,Tooth fails to erupt normally (impacted tooth),,,Gingivitis (Early Gum Disease),"Gingivitis (Early Gum Disease)' to patient?

Gingivitis is an early stage of gum disease that is caused by inflammation of the gums due to plaque buildup on the teeth. The primary goal in treating gingivitis is to remove the plaque and tartar that have built up on the teeth and gums. Here are some recommendations for medication and diet:

Medication:

1. Antibacterial Mouthwash: Your dentist may prescribe an"
,,White patches on tongue or inner cheeks,,,,Oral Cancer,"Oral Cancer'?

Oral cancer is a serious condition that requires medical treatment from a qualified healthcare professional. As a dentist, I can provide some recommendations for managing oral cancer, but it's important to note that these should not replace medical advice from a physician or oncologist. Here are some general guidelines for managing oral cancer:

Medication:

The specific medications used to treat oral cancer will depend on the stage and location of the cancer, as well as the patient's"
"Sensitivity, smooth or pitted tooth surface","Receding gums, loose teeth, bad breath",Painful ulcers on soft tissues,Tooth fails to erupt normally (impacted tooth),"Teeth wear, jaw pain, headaches","Dryness, difficulty speaking or swallowing",Dental Condition,"Dental Condition' ?

If I were a dentist, I would prescribe the following medicine and diet for dental condition:

Medicine:

1. Fluoride toothpaste: I would recommend using fluoride toothpaste to strengthen the teeth and prevent cavities.
2. Antimicrobial mouthwash: I would prescribe an antimicrobial mouthwash to reduce the bacterial load in the mouth, which can cause gum"
"Pain, sensitivity, discoloration, visible holes","Red, inflamed gums, bleeding gums",White patches on tongue or inner cheeks,"Unerupted or partially erupted tooth, pain, swelling","Teeth wear, jaw pain, headaches","Dryness, difficulty speaking or swallowing",Gingivitis (Early Gum Disease),"Gingivitis (Early Gum Disease)'?
User 1: As a dentist, I would suggest over the counter medications and a change in diet to reverse or control the early stage of gum disease, gingivitis. For medication, I would suggest a chlorhexidine mouth rinse. For at home remedies I would demonstrate brushing and flossing techniques to clean the affected area and advised to do it two times a day for about three weeks. Also, I will suggest an electric toothbr"
"Pain, sensitivity, discoloration, visible holes","Receding gums, loose teeth, bad breath",White patches on tongue or inner cheeks,"Unerupted or partially erupted tooth, pain, swelling","Jaw pain, clicking or popping sounds, difficulty chewing","Cracks at corners of mouth (angular cheilitis), burning, bleeding",Tooth Decay (Cavities),"Tooth Decay (Cavities)'?

As a dentist, I would prescribe a combination of medication and dietary changes to manage tooth decay (cavities). Here is what I would recommend:

Medication:

1. Topical Fluoride: I would prescribe a topical fluoride gel or varnish to be applied to the teeth to strengthen the enamel and make it more resistant to decay. Topical fluoride is available in many forms, including"
